['still', 'use', 'soccer', 'e', 'e']
['went', 'run', 'saw', 'scores', 'people', 'hanging', 'park', 'playing', 'soccer', 'almost', 'government']
['players', 'soccer', 'people', 'thoughts', 'long', 'balls', 'see', 'tool']
['boring', 'without', 'soccer']
['soccer', 'announces', 'plan', 'memorable', 'usmnt', 'uswnt', 'matches']
['try', 'bring', 'happy', 'back', 'people', 'timelines', 'going', 'post', 'supernatural', 'photos']
['raising', 'soccer', 'baby', 'priority', 'lol']
['joseph', 'stalin', 'way', 'tomorrow', 'morning', 'love', 'talk']
['daughter', 'works', 'company', 'talked', 'boss', 'confirmed']
['raising', 'soccer', 'baby', 'priority', 'lol']
[]
['right', 'fired', 'game', 'time', 'nathan', 'amp', 'mls', 'soccer', 'gxtnetwork', 'np']
['coronavirus', 'isolation', 'stars', 'play', 'cruel', 'prank', 'partners', 'bitcoin']
['jon', 'busch', 'goalkeeping', 'excuses', 'need', 'ball', 'amp', 'wall', 'gkunion', 'ifjfamily']
['isolation', 'stars', 'play', 'cruel', 'prank', 'partners']
['canadian', 'national', 'soccer', 'team', 'player', 'disappointed', 'course', 'proud', 'decision']
['kazemaru', 'buy', 'chocolates', 'ready', 'get', 'hit', 'soccer', 'ball', 'defend']
['last', 'soccer', 'season', 'gets', 'cancelled', 'gon', 'na', 'cry']
['icymi', 'last', 'week', 'ssot', 'includes', 'features', 'commit', 'check', 'full', 'segment']
['spanish', 'magazine', 'using', 'soccer', 'stats', 'get', 'people', 'stay', 'home']
['difficult', 'times', 'thought', 'give', 'something', 'new', 'go', 'stateside', 'tekkers', 'podcast']
['yea', 'pay', 'athletic', 'consistently', 'deliver', 'top', 'tier', 'writing', 'soccer']
['coronavirus', 'ghana', 'coaches', 'akonnor', 'duncan', 'join', 'home', 'challenge', 'soccernews', 'soccer', 'sports']
['buster', 'day', 'knows', 'industrious', 'kids', 'fund', 'engineering', 'programs']
['large', 'wager', 'soccer', 'friendly', 'soccer', 'wager', 'dm', 'rt']
['regularly', 'harass', 'black', 'soccer', 'players', 'racism', 'campaign', 'used']
['meanie', 'minwon', 'team', 'captain', 'mingyu', 'team', 'captain', 'wonwoo', 'hates', 'pineapples']
['raising', 'soccer', 'baby', 'priority', 'lol']
['adult', 'teenagers', 'playing', 'soccer', 'ballinteer', 'community', 'school', 'pitch', 'makes', 'bloody', 'mad']
['challenge', 'calling', 'soccer', 'players', 'take', 'part', 'skill', 'challenges', 'video']
['great', 'read', 'fced', 'adapting', 'current', 'circumstances', 'written', 'one']
['wan', 'na', 'know', 'going', 'coronaviruspandemic', 'important']
['ready', 'ifcgrassroots', 'outdoor', 'soccer', 'season', 'kickoff', 'may', 'assist', 'families']
['spotlighting', 'seniors', 'write', 'final', 'chapters', 'time', 'penned']
['hey', 'soccer', 'miss']
['raising', 'soccer', 'baby', 'priority', 'lol']
['soccer', 'people', 'preparing', 'zoom', 'chat', 'group', 'amp', 'week', 'focused']
['two', 'solutions', 'corona', 'authoritarianism', 'socialization', 'economic', 'freedom', 'let', 'authoritarianism']
['kidpower', 'product', 'grew', 'played', 'sports', 'early']
['hyunsuk', 'gifts', 'hanging', 'soccer', 'wall', 'love', 'much', 'thank', 'loss', 'words', 'https']
['soccer', 'indoors']
['hey', 'guys', 'fun', 'bets', 'luck', 'us', 'please', 'convert', 'place', 'top', 'n']
['really', 'looking', 'forward', 'online', 'class', 'tonight', 'discussing', 'bts']
['top', 'sports', 'watch', 'talk', 'sports']
['hey', 'soccer', 'miss']
['hey', 'soccer', 'miss']
['presented', 'work', 'new', 'soccer', 'robotics', 'platform', 'last', 'weekend']
['tonight', 'clubfriendlies', 'football', 'haninge', 'vs', 'taby', 'ifkhaninge']
['hurts', 'see', 'team', 'canada', 'given', 'chance', 'go', 'olympics', 'see', 'groups', 'teenagers']
['worry', 'jims', 'fren', 'best', 'soccer', 'players', 'world', 'offer', 'case']
